{
  "team": {
    "team": "Japan",
    "city_count": 6,
    "pax_25": 9297605,
    "pax_25_q14": 3909507,
    "pax_26_q14": 4366426,
    "yoy": 11.687381554758694,
    "months_25": [
      833359,
      745998,
      794101,
      737418,
      798631,
      749372,
      722439,
      730155,
      754574,
      787770,
      795916,
      847872
    ],
    "months_26": [
      931621,
      847709,
      857579,
      814623,
      914894
    ],
    "cities": [
      {
        "id": "Tokyo",
        "name": "도쿄",
        "codes": [
          "HND",
          "NRT"
        ],
        "team": "Japan",
        "is_metro": true,
        "pax_25": 3351337,
        "pax_25_q14": 1422873,
        "pax_26_q14": 1601029,
        "yoy": 12.520864476309551,
        "flights_25": 17953,
        "gmp_pax_25": 973910,
        "icn_pax_25": 2377427,
        "months_25": [
          299190,
          266223,
          299825,
          268520,
          289115,
          267025,
          260712,
          265068,
          276816,
          278648,
          282199,
          297996
        ],
        "months_26": [
          327030,
          296813,
          316734,
          312273,
          348179
        ]
      },
      {
        "id": "Osaka",
        "name": "오사카",
        "codes": [
          "KIX"
        ],
        "team": "Japan",
        "is_metro": true,
        "pax_25": 2602784,
        "pax_25_q14": 1088333,
        "pax_26_q14": 1274581,
        "yoy": 17.113144598206613,
        "flights_25": 15015,
        "gmp_pax_25": 459917,
        "icn_pax_25": 2142867,
        "months_25": [
          233168,
          205180,
          221215,
          205693,
          223077,
          202264,
          183261,
          192553,
          207558,
          230887,
          243063,
          254865
        ],
        "months_26": [
          272467,
          249722,
          248484,
          237398,
          266510
        ]
      },
      {
        "id": "FUK",
        "name": "후쿠오카",
        "codes": [
          "FUK"
        ],
        "team": "Japan",
        "is_metro": false,
        "pax_25": 1690957,
        "pax_25_q14": 741316,
        "pax_26_q14": 766273,
        "yoy": 3.3665805135731595,
        "flights_25": 8508,
        "gmp_pax_25": 0,
        "icn_pax_25": 1690957,
        "months_25": [
          147596,
          140876,
          150154,
          146906,
          155784,
          135786,
          127209,
          124437,
          134873,
          141112,
          141540,
          144684
        ],
        "months_26": [
          164083,
          149542,
          149029,
          143978,
          159641
        ]
      },
      {
        "id": "CTS",
        "name": "삿보로(치토세)",
        "codes": [
          "CTS"
        ],
        "team": "Japan",
        "is_metro": false,
        "pax_25": 643711,
        "pax_25_q14": 237954,
        "pax_26_q14": 253574,
        "yoy": 6.564293939164713,
        "flights_25": 3304,
        "gmp_pax_25": 0,
        "icn_pax_25": 643711,
        "months_25": [
          70205,
          58440,
          41343,
          29328,
          38638,
          58975,
          74214,
          70867,
          49696,
          48314,
          42098,
          61593
        ],
        "months_26": [
          77096,
          66559,
          43078,
          27756,
          39085
        ]
      },
      {
        "id": "Nagoya",
        "name": "나고야",
        "codes": [
          "NGO"
        ],
        "team": "Japan",
        "is_metro": true,
        "pax_25": 581174,
        "pax_25_q14": 232257,
        "pax_26_q14": 270470,
        "yoy": 16.452894853545857,
        "flights_25": 3319,
        "gmp_pax_25": 62154,
        "icn_pax_25": 519020,
        "months_25": [
          42951,
          38777,
          45771,
          50848,
          53910,
          50757,
          44097,
          45665,
          52383,
          55725,
          50479,
          49811
        ],
        "months_26": [
          49016,
          44411,
          63302,
          54408,
          59333
        ]
      },
      {
        "id": "OKA",
        "name": "오끼나와",
        "codes": [
          "OKA"
        ],
        "team": "Japan",
        "is_metro": false,
        "pax_25": 427642,
        "pax_25_q14": 186774,
        "pax_26_q14": 200499,
        "yoy": 7.348453210832343,
        "flights_25": 2249,
        "gmp_pax_25": 0,
        "icn_pax_25": 427642,
        "months_25": [
          40249,
          36502,
          35793,
          36123,
          38107,
          34565,
          32946,
          31565,
          33248,
          33084,
          36537,
          38923
        ],
        "months_26": [
          41929,
          40662,
          36952,
          38810,
          42146
        ]
      }
    ]
  },
  "subregions": [
    {
      "name": "일본 주요 도시",
      "city_count": 6,
      "pax_25": 9297605,
      "pax_25_q14": 3909507,
      "pax_26_q14": 4366426,
      "yoy": 11.687381554758694,
      "months_25": [
        833359,
        745998,
        794101,
        737418,
        798631,
        749372,
        722439,
        730155,
        754574,
        787770,
        795916,
        847872
      ],
      "months_26": [
        931621,
        847709,
        857579,
        814623,
        914894
      ],
      "cities": [
        {
          "id": "Tokyo",
          "name": "도쿄",
          "codes": [
            "HND",
            "NRT"
          ],
          "team": "Japan",
          "is_metro": true,
          "pax_25": 3351337,
          "pax_25_q14": 1422873,
          "pax_26_q14": 1601029,
          "yoy": 12.520864476309551,
          "flights_25": 17953,
          "gmp_pax_25": 973910,
          "icn_pax_25": 2377427,
          "months_25": [
            299190,
            266223,
            299825,
            268520,
            289115,
            267025,
            260712,
            265068,
            276816,
            278648,
            282199,
            297996
          ],
          "months_26": [
            327030,
            296813,
            316734,
            312273,
            348179
          ]
        },
        {
          "id": "Osaka",
          "name": "오사카",
          "codes": [
            "KIX"
          ],
          "team": "Japan",
          "is_metro": true,
          "pax_25": 2602784,
          "pax_25_q14": 1088333,
          "pax_26_q14": 1274581,
          "yoy": 17.113144598206613,
          "flights_25": 15015,
          "gmp_pax_25": 459917,
          "icn_pax_25": 2142867,
          "months_25": [
            233168,
            205180,
            221215,
            205693,
            223077,
            202264,
            183261,
            192553,
            207558,
            230887,
            243063,
            254865
          ],
          "months_26": [
            272467,
            249722,
            248484,
            237398,
            266510
          ]
        },
        {
          "id": "FUK",
          "name": "후쿠오카",
          "codes": [
            "FUK"
          ],
          "team": "Japan",
          "is_metro": false,
          "pax_25": 1690957,
          "pax_25_q14": 741316,
          "pax_26_q14": 766273,
          "yoy": 3.3665805135731595,
          "flights_25": 8508,
          "gmp_pax_25": 0,
          "icn_pax_25": 1690957,
          "months_25": [
            147596,
            140876,
            150154,
            146906,
            155784,
            135786,
            127209,
            124437,
            134873,
            141112,
            141540,
            144684
          ],
          "months_26": [
            164083,
            149542,
            149029,
            143978,
            159641
          ]
        },
        {
          "id": "CTS",
          "name": "삿보로(치토세)",
          "codes": [
            "CTS"
          ],